{
    "accuracy": 0.8360655737704918,
    "precision": 0.84375,
    "recall": 0.84375,
    "f1_score": 0.84375
}